ID,問題,正解,選択肢1,選択肢2,選択肢3,選択肢4,選択肢5,予備列,解説,問題画像,解説画像
q_0001,Q1. 次のうち、脳幹を構成する部位を頭側から尾側へ並べた際の順番として正しいものを1つ選んでください。,1,1. 中脳、橋、延髄,2. 延髄、橋、中脳,3. 延髄、中脳、橋,4. 橋、中脳、延髄,5. 橋、延髄、中脳,,脳幹を構成する部位は、頭側から尾側へ向かって中脳→橋→延髄の順で並んでいます。延髄の次に脊髄が続きます。,,
q_0002,Q2. 次のうち、脳神経や脳血管に関して正しいものを2つ選んでください。,"2,5",1. 脊髄の背側から運動神経が出ている,2. 椎骨動脈が合流し脳底動脈になる,3. 第6脳神経のことを滑車神経という,4. ヒトの頸髄は7髄節である,5. 顔面の知覚には三叉神経が関与する,,椎骨動脈が合流し脳底動脈になります。また、顔面の知覚には三叉神経が関与しています。ヒトの頸髄は8髄節です。第6脳神経は外転神経といいます。運動神経は脊髄の腹側から出ています。,,
q_0003,Q3. 次のうち、脳を覆う膜を頭蓋骨側から脳表へと並べた際の順番が正しいものを1つ選んでください。,2,1. くも膜、硬膜、軟膜,2. 硬膜、くも膜、軟膜,3. 軟膜、くも膜、硬膜,4. 硬膜、軟膜、くも膜,5. くも膜、軟膜、硬膜,,脳を覆う膜を頭蓋骨側から脳表へと並べた際の順番は、硬膜下血腫やくも膜下出血を理解するうえで基礎的な知識となります。,,
q_0004,Q4. 次のうち、成人の脳（大脳、小脳、脳幹を含む）のおおよその重さとして正しいものを1つ選んでください。,3,1. 400g,"2. 2,400g","3. 1,200g",4. 800g,"5. 1,800g",,"成人の脳の重さはおおよそ1,200?1,400gほどで、個人差があります。",,
q_0005,Q5. 次のうち、運動野がある箇所を1つ選んでください。,3,1. 後頭葉,2. 頭頂葉,3. 前頭葉,4. 側頭葉,5. 小脳,,頭頂葉は体性感覚野や頭頂連合野、側頭葉は聴覚野や側頭連合野、ウェルニッケ野、後頭葉は視覚野や視覚連合野、小脳は身体全体の平衡を保ち、知覚と運動機能を司ります。,,
q_0006,Q1. 次のうち、頭部の血管について誤っているものを1つ選んでください。,2,1. Willis動脈輪では左右前大脳動脈を前交通動脈で連結する,2. 内頸動脈が左右結合して脳底動脈となる,3. 椎骨動脈は後下小脳動脈を出す,4. 脳底動脈は橋の上縁で左右後大脳動脈に分岐する,5. Willis動脈輪では内頸動脈と後大脳動脈を後交通動脈で連結する,,椎骨動脈が左右結合して脳底動脈となります。また、脳底動脈は橋の上縁で左右後大脳動脈に分岐します。,,
q_0007,Q2. 次のうち、冠動脈にかんして誤っているものを1つ選んでください。,2,1. 冠動脈は心臓を養う血管である,2. 左冠動脈は左心耳と肺動脈の間を後方へ進む,3. 左冠動脈は前室間枝と回旋枝に分かれる,4. 右冠動脈は肺動脈幹と右心耳の間を前方へ走行し冠状溝に入って下行する,5. 心臓の拍出量の1/20が冠動脈にいく,,左冠動脈は左心耳と肺動脈の間を前方へ進み、前室間枝と回旋枝に分かれます。,,
q_0008,Q3. 次のうち、リンパ系について誤っているものを1つ選んでください。,5,1. 内皮細胞間に隙間があるため組織間液とともに高分子タンパク質や病原体、リンパ球も吸収される,2. リンパ管は20L/日の組織間液のうちの10%程度を吸収する,3. リンパ管には毛細リンパ管と集合リンパ管がある,4. リンパ節は免疫応答を介して生体防御にかかわる,5. リンパ管には弁がないため容易に逆流する,,リンパ管には弁が存在しており、筋ポンプで液体を送ります。リンパ節を介して次第に太いリンパ管になり、最終的に左静脈角か右静脈角から静脈系に注がれます。リンパの流れが滞ると浮腫の原因となります。,,
q_0009,Q4. 次のうち、毛細血管について誤っているものを1つ選んでください。,2,1. 基底膜の外側には周皮細胞がある,2. 連続型毛細血管は脳のみに分布する,3. 連続型毛細血管は内皮細胞がタイト結合でつながれており物質交換が困難である,4. 有窓型毛細血管は内皮細胞に小孔があるため物質交換をしやすい,5. 毛細血管は１層の内皮細胞と基底膜からなる,,連続型毛細血管は内皮細胞がタイト結合でつながれ、物質交換が困難です。これは広く全身に分布しています。それに対して、有窓型毛細血管は内皮細胞に小孔があるため、物質交換がしやすくなっています。小腸には、吸収した栄養分などを吸収しやすいように有窓型毛細血管が分布しています。,,
q_0010,Q5. 次のうち、循環器として誤っているものを1つ選んでください。,2,1. 静脈,2. 肺胞,3. リンパ管,4. 心臓,5. 毛細血管,,循環器は心臓、動脈、静脈、毛細血管、リンパ管からなります。,,
q_0011,Q1. 次のうち、Ⅰ型アレルギー反応との関わりが大きいものを1つ選んでください。,3,1. 単球,2. リンパ球,3. 好塩基球,4. 好中球,,,好塩基球表面の受容体に結合したIgE抗体に、対応する抗原が結合すると好塩基球が刺激されて脱顆粒を生じヒスタミンを放出します。ヒスタミンは末梢血管拡張と血管透過性亢進を起こしⅠ型アレルギーを惹起します。,,
q_0012,Q2. 次のうち、小球性低色素性貧血を呈するものを1つ選んでください。,4,1. 自己免疫性溶血性貧血,2. 再生不良性貧血,3. 腎性貧血,4. 鉄欠乏性貧血,,,鉄はヘモグロビンを造る上で必須であり、鉄が不足した状態では充分量のヘモグロビンを造ることが出来ません。その為、鉄欠乏状態では、正常の赤血球に比べて中身（ヘモグロビン）が少ない、つまり薄くて小さい赤血球が造られます。,,
q_0013,Q3. 次のうち、成人男性の基準範囲として誤っているものを2つ選んでください。,"2,3",1. 赤血球数　500万/μL,2. ヘモグロビン　13.0 g/dL,"3. 白血球数　2,800/μL",4. 血小板数　21.3万/μL,,,"成人男性の基準範囲は、赤血球数　400〜550万/μL、ヘモグロビン　13.5〜17.5 g/dLで、WHOは13.0 g/dL以下を貧血と定義しています。白血球数　3,500〜9,000/μL、血小板数　15〜35万/μLです。ただし、基準範囲は検査施設によって多少の差があるので注意が必要です。",,
q_0014,Q4. 次のうち、正常な赤血球の説明で誤っているものを1つ選んでください。,3,1. 核を持っていない,2. 寿命は120日である,3. 凸レンズ型の細胞である,4. 脾臓で破壊される,,,核を持つ赤芽球が骨髄中で脱核して、核を持たない赤血球として末梢血中に移動します。形状は中凹み円盤型です。末梢血中での寿命は120日間で、寿命が尽きた赤血球はおもに脾臓で破壊処理されます。,,
q_0015,Q5. 次のうち、抗原提示細胞として正しいものを1つ選んでください。,4,1. NK細胞,2. マスト細胞,3. 形質細胞,4. マクロファージ,,,マクロファージは異物を貪食し、分解して異物の小片分子を細胞表面に提示します。これを抗原提示といいます。NK細胞（ナチュラルキラー細胞）はウイルス感染細胞や腫瘍細胞などの異常細胞を傷害します。形質細胞はB細胞（Bリンパ球）が分化した抗体産生細胞です。マスト細胞（肥満細胞）は好塩基球同様Ⅰ型アレルギー反応に関与します。,,
q_0016,Q1. 次のうち、喉頭全体を上下させる筋肉として正しいものを1つ選んでください。,3,1. 輪状甲状筋,2. 後輪状披裂筋,3. 甲状舌骨筋,4. 横・斜披裂筋,5. 外側輪状披裂筋,,喉頭筋は「外喉頭筋」と「内喉頭筋」に分けられます。外喉頭筋には「甲状舌骨筋」「胸骨甲状筋」などがあり、喉頭全体の上げ下げにかかわります。内喉頭筋は喉頭周囲の軟骨を動かして声門裂の開閉や喉頭口の開閉にかかわったりします。内喉頭筋には「輪状甲状筋」「後輪状披裂筋」「外側輪状披裂筋」「横・斜披裂筋」「披裂喉頭挙筋」などがあります。,,
q_0017,Q2. 次のうち、捻髪音（fine crackles）が聴取される疾患として誤っているものを1つ選んでください。,5,1. 特発性肺線維症,2. 放射線肺炎,3. じん肺,4. 過敏性肺炎,5. 肺水腫,,fine cracklesは呼気時に閉じた末梢気道が吸気時に急激に再開放する際に起こり、肺胞が広がりにくくなるような間質性疾患で聴取されます。肺水腫では通常肺胞内が水浸しになるため、coarse cracklesが聴取されます。,,
q_0018,Q3. 次のうち、肺循環系の説明として誤っているものを1つ選んでください。,4,1. 肺循環系に入った脂肪は、小さいものであればマクロファージに貪食され塞栓は起こさない,2. 下肢静脈の血栓が肺循環系に詰まる疾患を肺血栓塞栓症と呼び、長期臥床のほか、飛行機や車での移動などでも発症する,3. 肺循環系は、静脈系の血栓がそのまま脳や心臓へ運ばれるのを防ぐフィルターの役割を果たしている,4. 肺循環系は気管支を栄養している,5. 肺循環系の血管に空気や脂肪が詰まり、肺塞栓症を起こすことがある,,気管支の栄養血管は気管支動脈です。気管支動脈は胸部大動脈か肋間動脈から分岐し、肺門から肺に侵入します。その後、気管支とその枝に沿って走行し、気管支壁で毛細血管となり栄養します。,,
q_0019,Q4. 次のうち、補助呼吸筋として正しいものを2つ選んでください。,"3,4",1. 内肋間筋,2. 横隔膜,3. 胸鎖乳突筋,4. 斜角筋,5. 外肋間筋,,主な呼吸筋として、「内肋間筋」「外肋間筋」「横隔膜」が挙げられます。また、主な補助呼吸筋には、「胸鎖乳突筋」「斜角筋」「僧帽筋」などが挙げられます。,,
q_0020,Q5. 次のうち、左肺に存在しない肺区域として正しいものを1つ選んでください。,2,1. S8,2. S7,3. S6,4. S5,5. S9,,肺区域は、Segmentの頭文字をとって「S」で表します。左肺側には心臓があるため、内側面下部に位置するはずのS7の肺区域が存在していません。,,
q_0021,Q1. 次のうち、自律神経や内分泌を介した生体の恒常性維持機構の例として誤っているものを1つ選んでください。,4,1. 血圧,2. 浸透圧,3. 体温,4. 下肢の筋力,5. 血糖値,,自律神経や内分泌による生体の恒常性維持機構は、外部環境の変化にかかわらず体内の環境を自動的にある一定の範囲に保とうとする働きです。よって、下肢の筋肉のように意図的に制御し得るものはあてはまりません。,,
q_0022,Q2. 次のうち、隣り合う神経細胞同士で細胞の興奮を伝える物質として正しいものを1つ選んでください。,4,1. 結合タンパク,2. サイトカイン,3. ホルモン,4. 神経伝達物質,5. 抗体,,神経細胞間の間隙（シナプス）においてはシナプス前の細胞から神経伝達物質が放出され、シナプス後の細胞に存在する受容体に結合することにより興奮が伝達されます。,,
q_0023,Q3. 次のうち、バソプレシンの特徴として正しいものを1つ選んでください。,5,1. 腎に作用し利尿効果を示す,2. 血圧を低下させる,3. 下垂体前葉から分泌される,4. 循環血液量の増加により分泌が亢進する,5. 血漿浸透圧の上昇により分泌が亢進する,,バソプレシンでは、循環血液量の著明な減少や血漿浸透圧の上昇が刺激となって下垂体後葉からの分泌が亢進します。また、血管収縮作用と、腎での水の再吸収亢進作用（抗利尿作用）をもっています。,,
q_0024,Q4. 次のうち、抗コリン薬の投与により起こる現象として正しいものを1つ選んでください。,1,1. 消化管蠕動抑制,2. 縮瞳,3. 心拍数低下,4. 気管支収縮,5. 尿道括約筋弛緩,,抗コリン薬は副交感神経の作用を抑制します。そのため、消化管内視鏡の前処置として蠕動抑制のために用いられます。,,
q_0025,Q5. 次のうち、コルチゾールの作用として正しいものを1つ選んでください。,1,1. 抗炎症作用,2. 眼圧低下,3. 血糖値低下,4. 血圧低下,5. 骨密度増加,,コルチゾールやその類似物質はステロイド薬としての抗炎症効果への期待から幅広く臨床応用されています、しかし、多彩な作用があるため、全身投与では副作用が問題となることがあります。,,
q_0026,Q1. 次のうち、リモデリングについて誤っているものを1つ選んでください。,4,1. 骨組織の微細損傷と関係している,2. 破骨細胞と骨芽細胞の連携により行われている,3. 閉経以後も行われている,4. 皮質骨では骨膜面で行われている,5. 骨の形態維持に密接に関係している,,骨のモデリングは骨の造形と修正を、リモデリングでは骨内部での組織の新鮮化と再構成を行います。骨膜で行われているのはモデリングになります。リモデリングは成長期、成長完了後、閉経後も骨組織内部で絶えず行われています。破骨細胞が骨組織を吸収・破壊し、骨芽細胞により新しい骨組織が形成されます。骨組織が微小でも損傷されるとリモデリングが行われます。リモデリングは骨の形態維持、身体のカルシウムバランスの維持などと密接な関係があります。,,
q_0027,Q2. 次のうち、成人の正常な関節軟骨に存在するものを2つ選んでください。,"1,5",1. ヒアルロン酸,2. ハイドロキシアパタイト,3. ヘモグロビン,4. アセチルコリン,5. コラーゲン,,細胞外基質（軟骨基質）の主成分は水分で、70〜80％を占めています。水分以外の構成物質は、コラーゲン（ほぼⅡ型）50％、プロテオグリカン30〜35％、非コラーゲン性タンパク質と糖タンパク質が15〜20％となっています。プロテオグリカンはタンパク質とムコ多糖の結合したもので、関節軟骨のムコ多糖はコンドロイチン硫酸とケラタン硫酸が結合したものです。,,
q_0028,Q3. 次のうち、皮質骨の特徴について正しいものを1つ選んでください。,2,1. 力学的異方性がない,2. 同心円性層構造がある,3. 骨梁構造がある,4. 海綿骨より多孔度が高い,5. 海綿骨より剛性が低い,,皮質骨にはハバース管を中心とした同心円性層構造があります。皮質骨は海綿骨よりも緻密で剛性が高く、力学的異方性があります。海綿骨は多孔度が高く、骨梁構造があります,,
q_0029,Q4. 次のうち、長管骨の長軸方向の成長に最も関係するものを1つ選んでください。,3,1. 骨端,2. 骨幹,3. 骨端軟骨,4. 関節軟骨,5. 骨幹端,,骨端軟骨は成長軟骨板ともいいます。言葉が似ているため、部位を覚えましょう。,,
q_0030,Q5. 次のうち、関節軟骨の加齢変化について正しいものを1つ選んでください。,3,1. II型コラーゲンの増加,2. プロテオグリカンの増加,3. 硝子様軟骨の菲薄化,4. 弾性繊維の減少,5. 細胞数の増加,,選択肢の細胞数、弾性繊維、Ⅱ型コラーゲンは減少しません。弾性繊維は加齢に伴い束状化して太くなります。プロテオグリカンsの量的変化はありませんが、タンパク質が増加し、ムコ多糖側鎖においてはコンドロイチン硫酸が減少して、ケタラン酸が増加します。,,
q_0031,Q1. 次のうち、肝小葉の基本的な構造として誤っているものを1つ選んでください。,4,1. 門脈,2. 胆管,3. 類洞,4. 粘膜,,,門脈と動脈からの血液が類洞を流れる間に、必要な成分が肝細胞に取り込まれて利用されます。類洞には類洞内皮が存在します。肝細胞から分泌された胆汁は胆管に流入します。,,
q_0032,Q2. 次のうち、膵臓から分泌されるものとして誤っているものを1つ選んでください。,4,1. インスリン,2. グルカゴン,3. トリプシン,4. 胆汁,,,十二指腸直前で胆管と膵管は合流しますが、膵臓からは胆汁は産生されません。,,
q_0033,Q3. 次のうち、小腸について正しいものを1つ選んでください。,2,1. 主に水分を吸収して糞便を形成する,2. 輪状ひだの上にさらに絨毛、微絨毛を有する,3. 口側2/5を回腸と呼ぶ,4. 蠕動運動のみを行う,,,小腸は、各種栄養素の消化吸収のために表面積が最大となるようになっています。消化管粘膜は皮膚よりも広大な面積で、消化管内腔という外界と接しています。,,
q_0034,Q4. 次のうち、食道の説明として誤っているものを1つ選んでください。,3,1. 下部食道括約筋（LES）が逆流を防いでいる,2. 粘膜上皮は重層扁平上皮である,3. 主に水分を吸収する,4. 門歯から食道裂孔までは約40cmである,,,食道の役割は、口腔から胃まで食物を運ぶことのみです。,,
q_0035,Q5. 次のうち、咀嚼・嚥下に関して、準備期、口腔期に次いで食塊を食道に運び込む段階として正しいものを1つ選んでください。,4,1. 喉頭期,2. 嚥下期,3. 舌圧期,4. 咽頭期,,,複数の脳神経や筋肉が関与して、0.5秒という短時間で食塊を食道に運び込みます。このメカニズムに不調が起きると誤嚥を起こします。,,
q_0036,Q1. 次のうち、異所性妊娠に関する説明として誤っているほうを1つ選んでください。,1,1. 好発部位は卵管峡部である,2. 好発部位は卵管膨大部である,,,,,異所性妊娠の好発部位は卵管膨大部です。,,
q_0037,Q2. 次のうち、排卵時期の頸管粘液の変化について誤っているものを1つ選んでください。,2,1. 羊歯状結晶を形成する,2. 牽糸性が低下する,3. 無色透明である,4. 粘稠度が低下する,5. 量が増える,,排卵時期の頸管粘液の変化には、牽糸性が増すことが挙げられます。,,
q_0038,Q3. 次のうち、視床下部—下垂体—卵巣系のホルモン分泌について誤っているものを1つ選んでください。,3,1. 卵巣からのエストラジオール分泌には莢膜細胞・顆粒膜細胞の2つの細胞が関与する,2. 視床下部—下垂体—卵巣系のホルモン分泌はnegative feedback機構、positive feedback機構の2つで調節されている,3. LHサージは排卵の直後に起こる,4. 月経は卵巣からのエストロゲン・プロゲステロンの分泌が急激に減ることによって起こる,,,LHサージは排卵直前に起こります。,,
q_0039,Q4. 次のうち、配偶子形成のための減数分裂について正しいほうを1つ選んでください。,2,1. 同一種のなかでの多様性や進化の面で重要な仕組みではない,2. 同一種のなかでの多様性や進化の面で重要な仕組みである,,,,,染色体の組み換えが起こることにより、同一種のなかでの多様性が生まれます。,,
q_0040,Q5. 次のうち、基礎体温について誤っているものを1つ選んでください。,5,1. 朝目覚めたときの体温である,2. 卵胞期は低温を示し黄体期には通常36.7℃以上の高温となる,3. 高温期が形成されるのはプロゲステロンの作用である,4. 高温期が21日以上継続する場合は妊娠を疑う,5. 高温期が形成されるのはエストロゲンの作用である,,排卵後に黄体よりプロゲステロンが産生され、その作用によって基礎体温は上昇し、高温期が形成されます。,,
q_0041,Q1. 次のうち、複製で産生されるものを1つ選んでください。,1,1. DNA,2. トランスファーRNA,3. リボソーマルRNA,4. メッセンジャーRNA,,,複製とはDNA情報をもとにDNAをつくることです。RNAはヒトの場合、いずれも転写と呼ばれる現象で、DNAから産生されます。,,
q_0042,Q2. 次のうち、翻訳の開始で使われるアミノ酸を1つ選んでください。,3,1. アラニン,2. プロリン,3. メチオニン,4. トリプトファン,,,RNAの情報からタンパク質を産生する際、開始されるRNAのコドンは1つに決まっており（AUG）、それに対応したアミノ酸はメチオニンです。実験的にはどのアミノ酸に対応したコドンからでも翻訳は可能ですが、細胞内では決まっています。,,
q_0043,Q3. 次のうち、ヒストンの役割として正しいものを1つ選んでください。,4,1. 複製を助ける,2. RNA産生を助ける,3. 核膜構造を維持する,4. DNAを保護する,,,ヒストンは塩基性のタンパク質で、DNAと結合して構造を安定化させます（DNAは酸の一種のため、一種の塩を形成しているといえます）。ヒストンが存在するのは真核細胞の核内のDNAで、原核生物やミトコンドリアDNAには存在しません。ヒストンが結合しないDNAは結合したDNAと比べて不安定で、変異が起こりやすくなります。ヒストンはDNAの保護をしていますが、RNA産生、核膜構造とは関係せず、ヒストンからはずれなければ複製できません。,,
q_0044,Q4. 次のうち、ヒトの遺伝情報について正しいものを1つ選んでください。,4,1. RNAに遺伝情報が保存されている,2. 遺伝情報はタンパク質にも保存される,3. 1つの遺伝子は1つのタンパク質をつくる,4. 遺伝子は核以外にも保存されている,,,遺伝子の本体はデオキシリボ核酸（DNA）であり、その塩基配列が遺伝情報を規定しています。遺伝情報の単位が遺伝子であり通常はタンパク質をコードしていますが、産生するタンパク質は複数あることが多いです。最大の理由はエクソンの組み合わせが変わる、スプライシング機構がある遺伝子が多いことです。遺伝情報がRNAにあるのはRNAウイルスで、生命体には存在しません。また、プリオンというタンパク質性病原体も存在しますが、そのタンパク質の挙動は遺伝情報の定義とは合致しません。RNAに遺伝情報が保存されるのはRNAウイルスです。1つの遺伝子は複数種のタンパク質をつくることが多いです。ミトコンドリア（や植物の葉緑体）遺伝子は核以外にも保存されています。遺伝情報はタンパク質に保存されません。,,
q_0045,Q5. 次のうち、原核生物と真核生物に共通する細胞小器官として正しいものを1つ選んでください。,4,1. ミトコンドリア,2. ゴルジ体,3. 小胞体,4. リボソーム,,,細胞小器官の多くは真核生物のみに見られますが、リボソームだけは翻訳の場として原核生物と真核生物に共通して見られます。ヒトと細菌のリボソームは構成因子が異なり、抗生物質で識別されます。,,
q_0046,Q1. 次のうち、腎に流入する心拍出量のパーセンテージとして正しいものを1つ選んでください。,4,1. 3％,2. 10%,3. 15%,4. 25%,5. 5%,,通常は、心拍出量の20?25%の血液が腎に到達します。,,
q_0047,Q2. 次のうち、腎静脈がより長いほうを1つ選んでください。,2,1. 右腎,2. 左腎,,,,,腎静脈は下大静脈に流入します。大静脈は右側に位置するため、左腎静脈は右腎静脈の3倍ほど長くなります。このため、腎移植には左腎が用いられることが多くなります。,,
q_0048,Q3. 次のうち、正常尿管の長さとして正しいものを1つ選んでください。,1,1. 25cm,2. 20cm,3. 15cm,4. 5cm,5. 10cm,,正常尿管の長さは22?30cmです。,,
q_0049,Q4. 次のうち、副腎のホルモンとして誤っているものを1つ選んでください。,4,1. コルチゾール,2. アルドステロン,3. アンドロゲン,4. エストロゲン,5. ノルアドレナリン,,副腎皮質からはアルドステロン（球状帯）、コルチゾール（束状帯）、アンドロゲン（網状帯）が、髄質からはノルアドレナリン、ドパミンが出ます。エストロゲンは、エストロン、エストラジオール、エストリオールの3種類からなるステロイドホルモンの一種です。女性の体の機能と健康に関与し、一般に卵胞ホルモン、女性ホルモンと呼ばれています。,,
q_0050,Q5. 次のうち、副腎の血管が通常1本であるほうを1つ選んでください。,2,1. 動脈,2. 静脈,,,,,副腎の動脈は上、中、下副腎動脈が被膜下で動脈叢を形成しながら内部に流入します。副腎静脈は左側は左腎静脈に、右側は下大静脈に直接流入するため、副腎に異常があり造影を行う場合には静脈から行います。同時に、ホルモンを採取したりします。,,
q_0051,Q1. 次のうち、抗体について正しいものを1つ選んでください。,1,1. 食作用と関係する,2. 感染後すぐに増加する,3. T細胞が産生する,4. 血清には含まれない,,,抗体は獲得免疫中の液性免疫の主体で、B細胞およびその成熟型の形質細胞が産生します。獲得免疫のため感染後すぐには増加しませんが、増加した後はその特異性により病原体を強く阻害します。抗体自体にも病原体阻害作用がありますが、補体と結合してマクロファージや好中球に貪食されやすくします（オプソニン効果）。血清とは血漿から血液凝固因子を除いた成分ですが、薬剤としては主に含まれる抗体の活性を利用します。,,
q_0052,Q2. 次のうち、キラーT細胞について正しいものを1つ選んでください。,3,1. 抗体を産生する,2. HIV感染で障害される,3. 活性化にはヘルパーＴ細胞が必須である,4. 食作用がある,,,キラーT細胞は獲得免疫のなかでも細胞性免疫を担っており、ヘルパーＴ細胞からサイトカインを通じた刺激を受けて、活性化します。HIV感染で障害されるのはヘルパーT細胞で、キラーT細胞は直接影響を受けません。,,
q_0053,Q3. 次のうち、自然免疫について正しいものを1つ選んでください。,1,1. 始動するのが速い,2. 抗原提示が重要な機序である,3. 結核菌感染を阻止する,4. 病原体に対しての特異性が高い,,,自然免疫は進化的に古くからある免疫と考えられており、病原体侵入から始動までが獲得免疫と比べて速いのが特徴です。しかし、特異性には乏しく、抗原提示を受けて始動する獲得免疫のような機能はありません。また、慢性炎症を起こすような感染ではあまり機能しません。,,
q_0054,Q4. 次のうち、C反応性タンパク（CRP）について正しいものを1つ選んでください。,2,1. 連鎖球菌への特異性が高い,2. 補体活性化を行う,3. 骨髄で産生される免疫タンパクである,4. ヘルパーT細胞に認識される,,,CRPはCreactive proteinの略称で、元来連鎖球菌のC多糖を認識するタンパク質と命名されました。しかし、補体などと相互作用して自然免疫を活性化するタンパク質であり、炎症反応一般で肝臓での産生が上昇します。,,
q_0055,Q5. 次のうち、がんと免疫について正しいものを1つ選んでください。,3,1. 好中球によって認識される,2. 免疫反応で予防できる,3. NK細胞が重要である,4. 寄生虫感染するとがん免疫が活性化される,,,がん細胞は自己の一部のため、通常の免疫反応にはかかりにくいです。しかし、NK細胞はがん細胞が失うことがある主要組織適合遺伝子複合体（MHC）などを手がかりにがん細胞を攻撃できます。丸山ワクチンの議論などにみられるように感染とがん免疫の関係はいまだにはっきりしませんが、少なくとも寄生虫は関係しません。最近、オプジーボなどがん免疫を利用する薬剤の開発が盛んですが、副作用もあり、予防にまでは至っていません。,,
q_0056,Q1. 次のうち、めまいについて誤っているものを1つ選んでください。,4,1. 難聴を認めることがある,2. 不整脈で生じる,3. 起立性低血圧で生じる,4. 脳梗塞では生じない,5. 三半規管の障害で生じる,,めまいの訴えは耳鼻科的疾患だけではなく、選択肢にあるようなさまざまな疾患や病態で生じることがあります。患者が訴える「めまい」という状態が、具体的にどのような症状を指すのかをよく確認することが重要になります。,,
q_0057,Q2. 次のうち、感覚神経の体表における分布（デルマトーム）の臍のレベルとして正しいものを1つ選んでください。,3,1. C4,2. Th8,3. Th10,4. L2,5. Th4,,Th4は乳頭、臍はTh10と覚えるとよいでしょう。,,
q_0058,Q3. 次のうち、てんかんについて正しいものを2つ選んでください。,"1,4",1. 認知症と間違われることがある,2. 必ずけいれんを伴う,3. 意識障害が必発である,4. 外科的治療を行うことがある,5. きわめてまれな疾患である,,てんかんは認知症と間違われることがあり、外科的治療を行うこともあります。てんかんはまれな疾患ではありません。意識障害やけいれんを認めない場合も少なくありません。,,
q_0059,Q4. 次のうち、片頭痛の症状として誤っているものを2つ選んでください。,"2,3",1. 発作が4〜72時間持続する,2. 前兆として膜がかかったような視界となり、その後、頭痛が始まる,3. 嘔気、便秘がある,4. 運動で悪化し、光や音の刺激に過敏である,5. 片側、拍動性である,,片頭痛の症状には嘔気、嘔吐、下痢などが挙げられます。また、その前兆として視野にギザギザした稲妻様の光（閃輝）が現れ、これが次第に拡大して頭痛が始まります。,,
q_0060,Q5. 次のうち、運動性失語の障害が生じる脳の部位として正しいものを1つ選んでください。,3,1. 後頭葉,2. 側頭葉,3. 前頭葉,4. 小脳,5. 頭頂葉,,運動性失語に関連する言語中枢（broca）は前頭葉にあります。,,
q_0061,Q1. 次のうち、頻脈を起こす原因として誤っているものを1つ選んでください。,5,1. ストレス,2. 運動,3. 発熱,4. 心拍出量低下,5. 伝導障害,,頻脈（100回/分以上）の生理的原因として、運動、食事、入浴、ストレスなどが挙げられます。病的原因としては、発熱、貧血、甲状腺機能亢進、不整脈、循環血液量低下、心拍出量低下などが挙げられます。,,
q_0062,Q2. 次のうち、説明が誤っているものを1つ選んでください。,5,1. 心房は洞房結節を指令に興奮が起こる,2. プルキンエ線維は伝導が伝わりやすい,3. 房室結節の伝導速度は他の部位より遅い,4. 心室筋に興奮が伝わると脱分極する,5. 心室中隔では伝導路は前脚と後脚に分かれる,,ヒス束を出た後、伝導路は心室中隔を下行します。この際に左脚と右脚に分かれます。この後、左脚は前脚と後脚に分かれます。,,
q_0063,Q3. 次のうち、血圧の調節について誤っているものを1つ選んでください。,3,1. 一酸化窒素は血管を弛緩させる,2. アルドステロン分泌は血圧上昇に働く,3. ヒスタミンは血管を収縮させる,4. バゾプレッシン分泌で水の再吸収が促進される,5. アンジオテンシンIIは血管収縮に働く,,体内にはさまざまな血管収縮、弛緩因子があります。弛緩させるものとして、ANP、NO、AM、PGI2、キニン類、ヒスタミンなどを押さえておくとよいでしょう。,,
q_0064,Q4. 次のうち、心臓の活動と心電図の関係の組み合わせとして誤っているものを１つ選んでください。,1,1. 心室筋の脱分極の始まり→R波,2. 心室筋の興奮→QRS波,3. 再分極終了→U波,4. 心筋の再分極→T波,5. 心房筋の収縮→P波,,心室筋の脱分極の始まりはQ波です。その後、心筋全体が収縮する際にR波が出ます。,,
q_0065,Q5. 次のうち、心臓活動の調節について正しいものを2つ選んでください。,"2,4",1. 心臓の前負荷は血管抵抗を指す,2. 心筋の収縮力は心筋が伸展するほど上昇する,3. 副交感神経は心筋興奮閾値を下げる,4. 交感神経には陽性変力作用がある,5. 心臓の後負荷は心臓に還流する血液量を指す,,心臓の前負荷は心臓への還流量を、後負荷は血管抵抗を指します。交感神経は変力作用などに対して陽性に働きます。,,
q_0066,Q1. 次のうち、用語の説明が誤っているものを1つ選んでください。,1,1. II型肺胞上皮細胞：薄い膜状の細胞で肺胞表面の95%を占める,2. 杯細胞：粘液を分泌し、異物を絡める,3. クララ細胞：サーファクタント様の物質を産生、分泌する,4. 線毛細胞：管腔面に存在する線毛が喉頭に向かって波打ち、異物を外へ排出する,5. 肺胞マクロファージ：吸気中のほこりや細菌を貪食する,,II型肺胞上皮細胞はサーファクタントを放出する大型細胞です。薄い膜状でガス拡散を担うのはI型肺胞上皮細胞です。,,
q_0067,Q2. 次のうち、咳嗽の機序の説明として誤っているものを1つ選んでください。,4,1. 迷走神経を介して吸気の命令を出す,2. 声門を閉鎖しつつ呼吸筋を収縮し胸腔内圧が上昇する,3. 声門を解放して爆発的に呼気を出す,4. 迷走神経を介して中脳の咳中枢へ伝達する,5. 咳受容器が気道や肺に異物刺激や炎症を感知する,,咳中枢は延髄に存在しています。,,
q_0068,Q3. 次のうち、拡散障害を起こす原因について誤っているものを1つ選んでください。,3,1. 無気肺,2. 肺塞栓,3. 多血症,4. 間質性肺炎,5. 慢性閉塞性肺疾患（COPD）,,拡散障害は肺胞壁の肥厚や面積減少などで生じます。多血症ではなく貧血が酸素受け取りに影響します。,,
q_0069,Q4. 次のうち、体内の酸と塩基にかんする説明として正しいものを1つ選んでください。,2,1. 代謝性アシドーシスの原因として嘔吐がある,2. CO2の排泄増加で呼吸性アルカローシスとなる,3. 換気調節でのpH調節は12?24時間程度かかる,4. アシドーシスとはpHが下がった状態である,5. アニオンギャップ（AG）は[Na+] [Cl-] + [HCO3-]で求める,,CO2の排泄増加はアルカローシスを招きます。AGの計算式は AG = [Na+] - [Cl-] - [HCO3-] です。,,
q_0070,Q5. 次のうち、A-aDO2の説明として正しいものを2つ選んでください。,"4,5",1. ARDSはA-aDO2が減少する,2. シャントはA-aDO2開大の原因とならない,3. A-aDO2は肺胞気酸素分圧と動脈血酸素分圧の和である,4. 拡散障害があるとA-aDO2が開大する,5. 理想的には0がいいが、実際には換気血流不均等で5?15程度となる,,A-aDO2は肺胞気と動脈血の酸素分圧の差です。拡散障害やシャントで開大します。,,
q_0071,Q1. 次のうち、自律神経・内分泌にかんして正しいものを1つ選んでください。,1,1. 制吐薬は高プロラクチン血症の原因となる,2. 副腎性サブクリニカルクッシング症候群は高コルチゾール血症が軽度であるため、治療対象とならない,3. 成人で成長ホルモン分泌が過剰になると身長が伸びる,4. クッシング病では少量のデキサメタゾン投与後に血中コルチゾールが低下する,5. 抗利尿ホルモン（ADH）不適切分泌症候群では高ナトリウム血症を認める,,制吐薬は抗ドーパミン作用により高プロラクチン血症を引き起こすことがあります。,,
q_0072,Q2. 次のうち、内分泌腺にできる腫瘍の説明として正しいものを1つ選んでください。,1,1. ホルモンの過剰産生を伴わない腫瘍もある,2. どちらでもない,3. すべての腫瘍がホルモンの過剰産生を伴う,,,,内分泌腫瘍には機能性（ホルモン産生あり）と非機能性（産生なし）があります。,,
q_0073,Q3. 次のうち、原発性アルドステロン症にかんして誤っているものを1つ選んでください。,1,1. 原発性アルドステロン症はCT画像で腫瘍が確認できたら、腫瘍側の副腎摘除を行ってもよい,2. 原発性アルドステロン症では血中レニンが低値である,3. 原発性アルドステロン症では生理食塩水投与後も血中アルドステロンが低下しない,4. 原発性アルドステロン症では低カリウム血症を認める,5. 原発性副甲状腺機能亢進症では高カルシウム血症を認める,,原発性アルドステロン症の局在診断には、CTだけでなく副腎静脈サンプリングが重要です。,,
q_0074,Q4. 次のうち、バセドウ病にかんして正しいものを1つ選んでください。,2,1. 甲状腺機能低下症では頻脈を呈する,2. バセドウ病では血中の甲状腺刺激ホルモン（TSH）受容体抗体が陽性となる,3. バセドウ病では体重増加を認める,4. バセドウ病の治療薬の副作用として嗄声がある,5. バセドウ病では血中TSHが高値である,,バセドウ病は自己抗体がTSH受容体を刺激し、ホルモンが過剰産生される疾患です。,,
q_0075,Q5. 次のうち、自律神経・内分泌にかんして正しいものを1つ選んでください。,5,1. アジソン病では血中の副腎皮質刺激ホルモン（ACTH）が低値である,2. 褐色細胞腫の治療はカテコールアミン合成阻害薬が第一選択である,3. 副腎皮質機能低下症は糖尿病を合併しやすい,4. 褐色細胞腫では徐脈を呈する,5. ステロイド薬を長期に使用している場合、急な減量・休薬により医原性副腎皮質機能低下症を呈する,,ステロイドの長期使用後の急な中止は、医原性副腎皮質機能低下症を引き起こすリスクがあります。,,
q_0076,Q1. 次のうち、骨格筋の収縮にかんして正しいものを1つ選んでください。,3,1. 骨格筋は副交感神経の指令を受けて収縮する,2. 筋収縮のエネルギー源はアデノシンニリン酸（ADP）である,3. アクチンがミオシン上を滑走して筋収縮が起こる,4. 収縮力は関節が伸展した状態で最大となる,,,筋収縮はATPをエネルギー源とし、アクチンがミオシン上を滑走することで起こります。,,
q_0077,Q2. 次のうち、遅筋にかんして誤っているものを2つ選んでください。,"2,3",1. 酸化系代謝が主である,2. ATPase反応速度が速い,3. 白筋と呼ばれている,4. 抗重力筋として働く,5. 持久力に富む,,遅筋（赤筋）は酸化系代謝が主で持久力に富みます。白筋は速筋を指します。,,
q_0078,Q3. 次のうち、骨格筋にかんして誤っているものを1つ選んでください。,1,1. 収縮してもI帯の長さは変わらない,2. 筋節内部にはミオシンとアクチンの2種類のフィラメントが存在する,3. 筋細胞は多核である,4. 筋原線維にはA帯とI帯が交互に存在する,5. 筋線維鞘は筋細胞の細胞膜である,,筋収縮時、A帯の長さは変わりませんが、I帯やH帯の長さは短縮します。,,
q_0079,Q4. 次のうち、骨格筋の収縮にかんして正しいものを1つ選んでください。,4,1. アクチンがアデノシン三リン酸（ATP）と結合することにより生じる,2. アクチンフィラメントが短縮することにより収縮が生じる,3. 骨格筋の神経筋接合部の神経終末からアドレナリンが放出される,4. 筋収縮の直前に筋小胞体からCa2+が放出される,,,脱分極が生じると筋小胞体からCa2+が放出され、収縮が開始されます。,,
q_0080,Q5. 次のうち、筋線維タイプにかんして誤っているものを1つ選んでください。,4,1. 異なるタイプの筋線維がモザイクパターンである,2. 赤筋はⅠ型線維を多く含む,3. Ⅰ型線維はミトコンドリアが豊富である,4. ⅡB型線維はⅠ型線維よりも直径が小さい,5. 筋線維タイプは力学的環境で変化する,,筋線維の直径は一般的に速筋（IIB型）の方が遅筋（I型）よりも大きいです。,,
q_0081,Q1. 次のうち、静脈で血管内に水分を戻す膠質浸透圧の働きがあるものを1つ選んでください。,1,1. タンパク,2. クロール,3. カリウム,4. 重炭酸,5. ナトリウム,,血漿中のタンパクが膠質浸透圧を担い、間質から水分を引き寄せます。,,
q_0082,Q2. 次のうち、細胞外液（動脈血）のpHとして正しいものを1つ選んでください。,5,1. 「7」,2. 「6.6」,3. 「8.2」,4. 「7.8」,5. 「7.4」,,適正な血液（細胞外液）のpHは7.40±0.05の弱アルカリ性です。,,
q_0083,Q3. 次のうち、体液の組成でカリウムが多いものを1つ選んでください。,1,1. 細胞内液,2. 細胞外液の間質,3. 細胞外液の血漿,,,,カリウムは細胞内液に大量に存在する主要な陽イオンです。,,
q_0084,Q4. 次のうち、体重40kgの正常成人の1日尿量として正しいものを1つ選んでください。,4,"1. 「2,500mL」",2. 「500mL」,"3. 「2,000mL」","4. 「1,000mL」","5. 「1,500mL」",,"通常の尿量は約1mL/kg/時間であり、40kgの場合は約1,000mL/日となります。",,
q_0085,Q5. 次のうち、肉眼で血尿（色がおかしい）とわかるにはどれだけの血液の混入が必要か、尿1Lあたりの最低血液量として正しいものを1つ選んでください。,5,1. 「10mL」,2. 「5mL」,3. 「50mL」,4. 「100mL」,5. 「2mL」,,肉眼的に血尿と認識できるのは血液混入率0.1%（1Lあたり1mL）以上とされています。,,
q_0086,Q1. 次のうち、視覚で焦点の遠近調節ができる組織を1つ選んでください。,4,1. 網膜,2. 虹彩,3. 硝子体,4. 水晶体,5. 角膜,,屈折率を変えることができる組織は水晶体だけです。水晶体は毛様体筋の収縮によって屈折率を変化させられます。,,
q_0087,Q2. 次のうち、視覚野がある箇所として正しいものを1つ選んでください。,1,1. 後頭葉,2. 小脳,3. 頭頂葉,4. 側頭葉,5. 前頭葉,,脳で視覚中枢があるのは後頭葉です。,,
q_0088,Q3. 次のうち、涙液について正しいものを1つ選んでください。,3,1. 眼の下方から分泌する,2. 組織間質液と同じ組成である,3. 鼻腔に流れる,4. 泣いたときのみ分泌される,,,鼻腔に流れるのは鼻涙管が存在するためです。涙腺は眼球上部にあります。,,
q_0089,Q4. 次のうち、網膜の黄斑部中心窩について正しいものを1つ選んでください。,2,1. 盲点と一致する,2. 錐体細胞が集中する,3. 光が当たらない,4. 血管が多数分布する,,,中心窩には視細胞のなかでも特に錐体細胞が密集しており、ものを集中して見るときはこの中心窩に像を結ばせます。,,
q_0090,Q5. 次のうち、房水分泌を行っている組織を1つ選んでください。,3,1. 角膜,2. 水晶体,3. 毛様体,4. 隅角,,,毛様体は毛様体筋と毛様体結節からなり、結節部で房水を産生します。,,
q_0091,Q1. 次のうち、皮膚感覚で痛覚と関係する感覚神経の末端構造として正しいものを1つ選んでください。,5,1. クラウゼ小体,2. ルフィニ小体,3. マイスネル小体,4. パチニ小体,5. 自由神経終末,,自由神経終末は痛覚を感じます。クラウゼ小体は冷覚、ルフィニ小体は温覚、マイスネル小体は触覚、パチニ小体は触圧覚を感じます。,,
q_0092,Q2. 次のうち、舌の味覚で前2/3を支配する神経として正しいものを1つ選んでください。,1,1. 顔面神経,2. 舌下神経,3. 三叉神経,4. 舌咽神経,,,舌の前2/3の味覚は顔面神経（鼓索神経）、後1/3は舌咽神経が支配します。,,
q_0093,Q3. 次のうち、耳の音信号の伝導で固体中を伝わる箇所として正しいものを1つ選んでください。,1,1. 中耳,2. 外耳,3. 内耳,,,,中耳の鼓膜から耳小骨では、音は固体の振動として伝わります。,,
q_0094,Q4. 次のうち、平衡覚調節の主要な中枢がある箇所として正しいものを1つ選んでください。,2,1. 間脳,2. 小脳,3. 中脳,4. 大脳,,,身体の平衡を保つ情報処理は主として小脳で行われます。,,
q_0095,Q5. 次のうち、内耳の蝸牛で内リンパ液がある箇所として正しいものを1つ選んでください。,2,1. 前庭階,2. 蝸牛管,3. 鼓室階,,,,蝸牛では中耳からの音波が伝わる鼓室階、前庭階が外リンパ液で、それに挟まれる蝸牛管が内リンパ液です。,,
q_0096,Q1. 次のうち、各疾患にかんして説明として誤っているものを1つ選んでください。,1,1. 重症筋無力症患者に睡眠導入薬は安全に使用できる,2. ギラン・バレー症候群は急速に悪化する,3. 多発性硬化症の症状は入浴で悪化することがある,4. パーキンソン病は振戦、無動、歩行障害を来す,5. アルツハイマー病は物忘れで発症する,,重症筋無力症患者への睡眠導入薬投与は、筋無力症状を悪化させることがあり、慎重に行う必要があります。,,
q_0097,Q2. 多系統萎縮症患者の家族から最近いびきが強くなったと聞いた際、適切と考えられる対応を1つ選んでください。,2,1. 睡眠薬の投与を主治医へ依頼する,2. 声帯の閉鎖を考え、主治医へ依頼する,3. 食形態を変更する,4. 「いびきは心配ない」と伝える,5. 酸素分圧が正常であれば様子をみる,,声帯の閉鎖（麻痺）を考え、速やかに主治医へ伝えて精査を依頼します。,,
q_0098,Q3. 高血圧、意識障害、右半身麻痺を認めた55歳男性において、最も考えられる疾患を1つ選んでください。,4,1. 慢性硬膜下血腫,2. アミロイド血管症,3. 心原性脳塞栓症,4. 被殻出血,5. ラクナ梗塞,,背景疾患（高血圧）や急激な発症、症状から被殻出血が最も疑われます。,,
q_0099,Q4. 次のうち、気管切開による長期管理の可能性がある疾患として誤っているものを1つ選んでください。,5,1. 多系統萎縮症,2. パーキンソン病,3. 筋萎縮性側索硬化症,4. 筋ジストロフィー症,5. てんかん,,てんかん重積発作で一時的に挿管することはあっても、通常、長期管理としての気管切開の対象にはなりません。,,
q_0100,Q5. 次のうち、糖尿病による末梢神経障害の症状として誤っているものを2つ選んでください。,"3,4",1. しびれ,2. 起立性低血圧,3. 胸痛,4. 多汗,5. 排尿障害,,自律神経障害により無痛性心筋梗塞（胸痛を感じない）や発汗障害（乾燥肌）を呈することがあります。,,
q_0101,Q1. 次のうち、各用語とその説明が誤っているものを２つ選んでください。,"3,4",1. NYHA分類：慢性心不全の重症度分類,2. 肺梗塞：右心不全となる,3. 間質性肺疾患：左心不全となる,4. 大動脈狭窄症：右心不全となる,5. 心不全：心臓のポンプ機能が低下した状態,,間質性肺疾患や大動脈狭窄症（大動脈弁狭窄症）は、それぞれ右心負荷、左心負荷の原因となります。,,
q_0102,Q2. 次のうち、虚血性心疾患のリスクとして正しいものを3つ選んでください。,"2,3,4",1. 禁煙,2. 遺伝的要因,3. 糖尿病,4. 高血圧,5. 運動,,高血圧、糖尿病、遺伝的要因、喫煙、脂質異常などが動脈硬化を介した虚血性心疾患のリスクとなります。,,
q_0103,Q3. 次のうち、高血圧を起こしやすくなる環境として正しいものを3つ選んでください。,"1,4,5",1. 喫煙,2. 活発な活動,3. やせ,4. 食塩過剰摂取,5. ストレス,,ストレス、肥満、喫煙、運動不足、食塩過剰摂取は本態性高血圧の原因因子となります。,,
q_0104,Q4. 次のうち、動脈硬化について誤っているものを1つ選んでください。,1,1. 第3期では脂肪線条を形成する,2. 第2期では血小板凝集が起こる,3. 第4期では器質的狭窄が伸展し破綻に近づく,4. 動脈硬化では平滑筋増生、石灰沈着などが起こる,5. 第1期では酸化LDLによる内皮細胞障害を起こす,,脂肪線条の形成は動脈硬化の第2期（マクロファージが酸化LDLを取り込んだ段階）で起こります。,,
q_0105,Q5. 次のうち、心不全の機序について誤っているものを1つ選んでください。,1,1. 心臓の拡張を伴う肥大を求心性肥大という,2. 心不全の当初は代償機構が働く,3. 心肥大となると虚血にさらされやすくなる,4. 心拡張が強くなると心拍出量が維持できなくなる,5. 心臓のリモデリングが起こる,,心腔の大きさが変わらず壁が厚くなるのが求心性肥大、心腔の拡張を伴うのが遠心性肥大です。,,
q_0106,Q1. 次のうち、悪性リンパ腫の説明として正しいものを1つ選んでください。,4,1. 非ホジキンリンパ腫よりホジキンリンパ腫の患者の方が多い,2. 高齢者より若年者の方が罹患率が高い,3. リンパ組織以外に病変が認められることはない,4. T細胞腫瘍よりB細胞腫瘍の患者の方が多い,,,悪性リンパ腫は成熟リンパ球が腫瘍性に増殖する疾患で、リンパ組織に腫瘍を造ります。病気の進行に伴い、リンパ組織だけでなく全身の臓器に広がる可能性があります。日本人では非ホジキンリンパ腫が約90％（B細胞腫瘍が約65％、T細胞/NK細胞が約25％）を占め、ホジキンリンパ腫は10％未満です。悪性リンパ腫は高齢者に多い疾患で、高齢化に伴い罹患率は増加します。,,
q_0107,Q2. 次のうち、多発性骨髄腫で腫瘍化しているものを1つ選んでください。,4,1. 造血幹細胞,2. マクロファージ,3. T細胞（Tリンパ球）,4. 形質細胞,,,多発性骨髄腫は形質細胞が腫瘍化し、骨髄で増殖する疾患です。腫瘍化した形質細胞（骨髄腫細胞）は同じγグロブリンを産生するので単クローン性高γグロブリン血症を呈する場合が多いです。,,
q_0108,Q3. 次のうち、初診の急性骨髄性白血病患者の検査データで可能性が低いものを1つ選んでください。,3,1. ヘモグロビン　6.7 g/dL,"2. 白血球数　14,600/μL",3. 血小板数　21万/μL,4. 白血球分画　芽球85 ％,,,急性骨髄性白血病では、白血病細胞が骨髄中で増殖し、正常血液細胞（赤血球、白血球、血小板）の産生を抑制します。白血病細胞（芽球）は分化・成熟を停止した異常細胞であるが、血球計数機は白血球としてカウントするので、白血球数増加を示す場合が多いです。しかし白血球分画を見ると芽球が増加しており、正常の成熟好中球は著減しています。,,
q_0109,Q4. 次のうち、初診の慢性骨髄性白血病患者の検査データで可能性が低いものを1つ選んでください。,3,1. 血小板数　47万/μL,2. 白血球分画　芽球1 ％,"3. 白血球数　6,000/μL",4. ヘモグロビン濃度　13.8 g/dL,,,慢性骨髄性白血病では、造血幹細胞のレベルで遺伝子異常（相互転座）を生じています。染色体の転座によって出来た異常な融合遺伝子が異常なタンパク質を形成します。この異常タンパク質は腫瘍細胞の増殖を促すが、腫瘍細胞は分化・増殖能を有するので、血球計数検査では白血球増多が目立つようになります。,,
q_0110,Q5. 次のうち、腫瘍化が造血幹細胞のレベルで生じるものを2つ選んでください。,"1,4",1. 慢性骨髄性白血病,2. 急性リンパ性白血病,3. 急性骨髄性白血病,4. 骨髄異形成症候群,,,慢性骨髄性白血病、骨髄異形成症候群、骨髄増殖性腫瘍は造血幹細胞のレベルで腫瘍化を生じる疾患です。,,
q_0111,Q1. 次のうち、ステロイドの反応性に乏しい間質性肺炎を2つ選んでください。,"2,5",1. 剥離性間質性肺炎（DIP）,2. 特発性肺線維症（IPF）,3. 特発性器質化肺炎（COP）,4. 呼吸細気管支炎を伴う間質性肺疾患（RB-ILD）,5. 急性間質性肺炎（AIP）,,特発性肺線維症（IPF）および急性間質性肺炎（AIP）ではステロイドの効きが悪く、予後も不良です。,,
q_0112,Q2. 次のうち、急性呼吸窮迫症候群（ARDS）の説明として誤っているものを1つ選んでください。,5,1. 胸部X線画像で両側の全体的な浸潤影を認める,2. 人工呼吸器管理を要することも多い,3. サイトカインにより肺胞壁で炎症が惹起され、血管透過性が亢進することで起こる,4. 間質性肺炎のびまん性肺胞傷害（DAD）の病理パターンを呈し、数週間かけて線維化する,5. PaO2/FiO2≦300が診断基準である,,ARDSは肺の直接損傷（肺炎、誤嚥）や間接損傷（敗血症、外傷、熱傷）により、血管透過性が亢進することで起こります。診断基準はPaO2/FiO2≦200がARDS、PaO2/FiO2≦300ならALI（急性肺損傷）と考えます。,,
q_0113,Q3. 次のうち、誤嚥性肺炎の説明として誤っているものを1つ選んでください。,2,1. 胸部X線やCT画像で背側の肺底部に浸潤影を認めることが多い,2. 肺炎球菌やインフルエンザ菌が原因となることが多い,3. 聴診で水泡音（coarse crackles）が聴取される,4. 嚥下反射や線毛運動の低下による不顕性誤嚥を背景とする,5. 脳血管障害、神経疾患、意識障害、認知症、胃切除後などはハイリスクとなる,,誤嚥性肺炎は嚥下反射等の低下による不顕性誤嚥を背景に起こります。起炎菌の同定は困難であり、口腔内常在菌を主とした複数菌感染となります。,,
q_0114,Q4. 次のうち、下気道炎に分類されるものを1つ選んでください。,3,1. クループ,2. 急性扁桃炎,3. 気管支炎,4. 急性喉頭蓋炎,5. 副鼻腔炎,,鼻腔から喉頭にかけてを「上気道」、気管・気管支を「下気道」と呼びます。したがって気管支で起きた炎症が下気道炎となります。,,
q_0115,Q5. 次のうち、非定型肺炎の特徴として誤っているものを1つ選んでください。,1,1. 60歳以上である,2. 頑固な咳嗽がある,3. 痰がない,4. 聴診所見が乏しい,5. 基礎疾患がない,,非定型肺炎の鑑別基準として、60歳未満であること、基礎疾患がないこと、頑固な咳嗽があることなどが挙げられます。,,
q_0116,Q1. 次のうち、食道について誤っているものを1つ選んでください。,2,1. 食道裂孔ヘルニアは逆流しやすい,2. Barrett粘膜は胃粘膜の延長のため食道がんのリスクは低い,3. LESが弛緩しないことは病的である,4. 下部食道括約筋（LES）が胃からの逆流を防止している,,,Barrett粘膜は食道の重層扁平上皮が胃の円柱上皮に置き換わったものですが、発がんの母地になり得ます。,,
q_0117,Q2. 次のうち、肝臓の正常機能として誤っているものを1つ選んでください。,3,1. 解毒,2. 中性脂肪貯蔵,3. 蠕動運動,4. タンパク合成,,,蠕動運動は消化管の主たる働きです。肝臓は栄養代謝や解毒にかかわっています。,,
q_0118,Q3. 次のうち、胃の貯留能が損なわれた場合に起きる現象として誤っているものを1つ選んでください。,3,1. 低血糖,2. 下痢,3. 胃潰瘍,4. 頻脈,,,頻脈、下痢、低血糖は、食物が急速に小腸に流入した場合に発生するダンピング症候群の症状です。胃潰瘍はこれとは機序が異なります。,,
q_0119,Q4. 次のうち、食道静脈瘤の形成に関連しているものを1つ選んでください。,1,1. 門脈圧亢進症,2. 低アルブミン血症,3. 逆流性食道炎,4. 高血圧,,,肝硬変による門脈圧亢進の結果、側副路として食道粘膜下の静脈が拡張し、食道静脈瘤を形成します。,,
q_0120,Q5. 次のうち、急性膵炎の特徴として正しいものを1つ選んでください。,2,1. ランゲルハンス島からのホルモンの過剰な活性化による,2. 炎症が多臓器に及ぶこともある,3. 胃酸による自己消化で発症する,4. 治癒後は慢性膵炎になる,,,急性膵炎は膵酵素による膵組織の自己消化で発症します。炎症は高度で、周囲組織や遠隔多臓器に及び重篤化することもあります。,,
q_0121,Q1. 次のうち、抗菌薬の選択について正しいものを2つ選んでください。,"1,2",1. 緑膿菌による肺炎と診断されたため、抗緑膿菌作用のある薬剤を選択した,2. キノロン系抗菌薬と酸化マグネシウムの同時内服は避ける,3. 最小発育阻止濃度（MIC）の数字が低い抗菌薬が最も効果が高い,4. メチシリン耐性黄色ブドウ球菌（MRSA）が検出されたため、セフェム系のセファゾリンを投与した,5. 感受性試験結果に載っている薬剤はどれを投与してもよい,,緑膿菌やMRSAは特定の抗菌薬を選択する必要があります。キノロン系はマグネシウムと結合するため同時内服は不可です。MICの数値だけで効果を判断はしません。,,
q_0122,Q2. 次のうち、薬剤耐性菌ではないものを2つ選んでください。,"3,5",1. 多剤耐性緑膿菌（MDRP）,2. カルバペネム耐性腸内細菌（CRE）,3. アシネトバクター,4. MRSA,5. コアグラーゼ陰性ブドウ球菌,,コアグラーゼ陰性ブドウ球菌は皮膚の常在菌です。アシネトバクターは耐性化していなければ通常の細菌として扱います。,,
q_0123,Q3. 次のうち、βラクタム系抗菌薬として誤っているものを2つ選んでください。,"1,5",1. テトラサイクリン系,2. セフェム系,3. カルバペネム系,4. ペニシリン系,5. マクロライド系,,βラクタム系はペニシリン系、セフェム系、カルバペネム系です。マクロライド系やテトラサイクリン系はタンパク合成阻害薬です。,,
q_0124,Q4. 次のうち、経験的治療、標的治療、de-escalationにかんして正しいものを2つ選んでください。,"1,2",1. 経験的治療を開始して3〜5日で抗菌薬の再検討を行う,2. 抗菌薬のde-escalationを行うには適切な培養採取が必要である,3. 経験的治療は広域抗菌薬であるほど効果が高い,4. 広域抗菌薬投与は狭域な抗菌薬投与よりも予後がよい,5. 標的治療では重症度に応じて抗菌薬を減量する,,経験的治療は3〜5日で再検討を行います。適切なde-escalationには初期の培養検査が不可欠です。,,
q_0125,Q5. 次のうち、検体の提出と検査法として正しいものを2つ選んでください。,"1,2",1. 創部の排膿をシリンジで吸引して提出した,2. 食中毒を疑って便培養を提出したため、発症の状況を検査室に連絡した,3. クロストリジウム・ディフィシル感染症が疑われたため、便培養を提出した,4. プロカルシトニンは真菌感染症を鋭敏に示すマーカーである,5. レジオネラ肺炎を疑い、喀痰をグラム染色に提出した,,膿は吸引で採取するのが基本です。便培養を出す際は臨床状況を検査室に伝えることが重要です。CDはトキシン検査、レジオネラは尿中抗原が有効です。,,
q_0126,Q1. 次のうち、アナフィラキシー反応を起こす原因となる抗体として正しいものを1つ選んでください。,4,1. IgD,2. IgA,3. IgM,4. IgE,5. IgG,,アナフィラキシーは「即時型アレルギー反応」であり、IgE抗体によって誘発されます。治療にはアドレナリンが使用されます。,,
q_0127,Q2. 次のうち、ウイルス制御のために放出された生体応答物質において、破骨細胞を活性化させ関節の破壊を誘発する因子として正しいものを1つ選んでください。,4,1. IL-1,2. IL-6,3. IL-33,4. TNFα,5. IL-8,,TNF-αはウイルス制御因子ですが、破骨細胞を活性化させる作用もあり、関節リウマチの骨破壊の原因となります。,,
q_0128,Q3. 次のうち、胎盤通過性を有する抗体として正しいものを1つ選んでください。,4,1. IgE,2. IgM,3. IgA,4. IgG,5. IgD,,5種類の抗体のうち、胎盤通過性を有するのはIgGだけです。これにより母体の免疫が胎児に伝わりますが、Rh不適合妊娠等の問題も起こります。,,
q_0129,Q4. 次のうち、大腸菌などグラム陰性菌の表面に発現している内毒素（LPS）を認識応答するToll様受容体（TLR）として正しいものを1つ選んでください。,5,1. TLR3,2. TLR2,3. TLR1,4. TLR5,5. TLR4,,LPS（内毒素）は細胞表面のTLR4によって認識され、自然免疫応答が始動します。これが過剰になると敗血症性ショック等を招きます。,,
q_0130,Q5. 次のうち、獲得免疫に属する細胞として正しいものを1つ選んでください。,5,1. 好塩基球,2. NKT細胞,3. 樹状細胞,4. 好酸球,5. 形質細胞,,獲得免疫（適応免疫）はT細胞、B細胞が担います。形質細胞はB細胞が分化した抗体産生細胞です。,,
q_0131,Q1. 次のうち、がん細胞の特徴として誤っているものを1つ選んでください。,3,1. 転移,2. 浸潤,3. アポトーシス,4. 増殖,,,がん細胞はアポトーシス（計画的な細胞死）を回避する仕組みをもち、無秩序に増殖、浸潤、転移を行います。,,
q_0132,Q2. 次のうち、消化管癌の血行性転移の特徴を1つ選んでください。,2,1. リンパ節にだけ転移する,2. 肝臓に転移しやすい,3. 骨に転移しやすい,4. あまり転移しない,,,消化管の血液は門脈を通って肝臓に集まるため、消化管のがんは血行性に肝臓へ転移しやすい特徴があります。,,
q_0133,Q3. 次のうち、消化管の癌はどの層に発生するか1つ選んでください。,4,1. 漿膜,2. 粘膜下層,3. 固有筋層,4. 粘膜,,,消化管の癌はすべて最内層の粘膜層から発生します。粘膜下層まで達すると転移のリスクが高まります。,,
q_0134,Q4. 次のうち、最も発がんに関連しているものを1つ選んでください。,1,1. タバコ,2. アスベスト,3. ピロリ菌,4. アルコール,,,タバコは多くの癌の発生に最も強く関連しており、禁煙は重要ながん予防策です。,,
q_0135,Q5. 次のうち、近年のがん統計の特徴として正しいものを1つ選んでください。,1,1. 男女とも胃癌、肝臓がんの死亡率は大きく低下した,2. 悪性新生物の死亡率は最近２位になった,3. 男性死亡率１位は前立腺癌である,4. 女性死亡率の１位は乳癌である,,,近年、胃癌や肝臓がんの死亡率は低下傾向にあります。現在の死因1位は依然として悪性新生物です。,,